year,Benchmark,CI-GMBCTS,CI-GMBE,NE-GMBCTS
02/01/2020,0.010114612,0.010,0.011,0.010
03/01/2020,0.012886362,0.013,0.009,0.013
06/01/2020,-0.007271244,-0.008,-0.014,-0.007
07/01/2020,0.003722998,0.003,-0.006,0.004
08/01/2020,-0.012743085,-0.014,-0.024,-0.013
09/01/2020,0.000168963,0.000,-0.008,0.000
10/01/2020,0.001901204,0.001,-0.005,0.002
13/01/2020,-0.000199852,-0.001,-0.005,0.000
14/01/2020,-0.002993823,-0.004,-0.005,-0.003
15/01/2020,-0.009273163,-0.010,-0.010,-0.009
16/01/2020,0.001661319,0.001,0.000,0.002
17/01/2020,0.006212355,0.005,0.005,0.006
20/01/2020,0.000201075,-0.001,-0.003,0.000
21/01/2020,-0.013684441,-0.014,-0.014,-0.014
22/01/2020,-0.016033067,-0.018,-0.017,-0.016
23/01/2020,-0.01955016,-0.021,-0.018,-0.019
24/01/2020,-0.024552187,-0.026,-0.022,-0.024
27/01/2020,-0.061078085,-0.062,-0.056,-0.061
28/01/2020,-0.062687472,-0.064,-0.063,-0.063
29/01/2020,-0.053253883,-0.054,-0.055,-0.053
30/01/2020,-0.051051618,-0.052,-0.054,-0.051
31/01/2020,-0.054269838,-0.055,-0.059,-0.054
03/02/2020,-0.068497578,-0.069,-0.074,-0.068
04/02/2020,-0.05146182,-0.052,-0.060,-0.051
05/02/2020,-0.03678544,-0.038,-0.045,-0.037
06/02/2020,-0.030287085,-0.031,-0.041,-0.030
07/02/2020,-0.032258348,-0.033,-0.041,-0.032
11/02/2020,-0.040466336,-0.041,-0.049,-0.040
12/02/2020,-0.031144258,-0.032,-0.038,-0.031
13/02/2020,-0.034558075,-0.035,-0.044,-0.035
14/02/2020,-0.039711549,-0.040,-0.049,-0.040
17/02/2020,-0.039594716,-0.040,-0.047,-0.040
18/02/2020,-0.050853685,-0.051,-0.059,-0.051
19/02/2020,-0.050734488,-0.051,-0.059,-0.051
20/02/2020,-0.062228043,-0.062,-0.069,-0.062
21/02/2020,-0.060526956,-0.060,-0.070,-0.060
24/02/2020,-0.103718156,-0.104,-0.111,-0.104
25/02/2020,-0.100070248,-0.100,-0.106,-0.100
26/02/2020,-0.143082322,-0.143,-0.151,-0.143
27/02/2020,-0.126132869,-0.126,-0.135,-0.126
28/02/2020,-0.158553336,-0.158,-0.171,-0.158
02/03/2020,-0.159103569,-0.159,-0.172,-0.159
03/03/2020,-0.132115411,-0.132,-0.145,-0.132
04/03/2020,-0.130711118,-0.130,-0.144,-0.131
05/03/2020,-0.125947371,-0.126,-0.135,-0.126
06/03/2020,-0.145455417,-0.145,-0.154,-0.145
09/03/2020,-0.236591621,-0.236,-0.250,-0.237
10/03/2020,-0.224089469,-0.223,-0.241,-0.224
11/03/2020,-0.229225271,-0.228,-0.247,-0.229
12/03/2020,-0.325318913,-0.324,-0.347,-0.325
13/03/2020,-0.311902545,-0.311,-0.330,-0.312
16/03/2020,-0.371262866,-0.370,-0.389,-0.371
17/03/2020,-0.387809759,-0.386,-0.400,-0.388
18/03/2020,-0.384851092,-0.383,-0.397,-0.385
19/03/2020,-0.39765189,-0.395,-0.405,-0.398
20/03/2020,-0.342687764,-0.339,-0.351,-0.343
23/03/2020,-0.412774059,-0.410,-0.422,-0.413
24/03/2020,-0.406973179,-0.403,-0.414,-0.407
25/03/2020,-0.376556212,-0.373,-0.383,-0.376
26/03/2020,-0.366149176,-0.362,-0.373,-0.366
27/03/2020,-0.359331222,-0.356,-0.368,-0.359
30/03/2020,-0.368511274,-0.366,-0.378,-0.368
31/03/2020,-0.344025959,-0.341,-0.354,-0.344
01/04/2020,-0.356087495,-0.353,-0.365,-0.356
02/04/2020,-0.335742791,-0.332,-0.341,-0.336
03/04/2020,-0.331966276,-0.328,-0.336,-0.332
07/04/2020,-0.279928402,-0.276,-0.281,-0.280
08/04/2020,-0.287134789,-0.284,-0.289,-0.287
09/04/2020,-0.286239361,-0.283,-0.291,-0.286
10/04/2020,-0.280881613,-0.277,-0.285,-0.281
13/04/2020,-0.271646835,-0.268,-0.281,-0.271
14/04/2020,-0.255020584,-0.252,-0.265,-0.255
15/04/2020,-0.267998659,-0.265,-0.280,-0.268
16/04/2020,-0.294817426,-0.292,-0.307,-0.295
17/04/2020,-0.266901788,-0.264,-0.281,-0.267
20/04/2020,-0.250328844,-0.248,-0.264,-0.250
21/04/2020,-0.261705892,-0.259,-0.274,-0.262
22/04/2020,-0.264212722,-0.261,-0.275,-0.264
23/04/2020,-0.25893246,-0.256,-0.266,-0.259
24/04/2020,-0.269285231,-0.266,-0.277,-0.269
27/04/2020,-0.266772729,-0.263,-0.271,-0.267
28/04/2020,-0.264275254,-0.260,-0.267,-0.264
29/04/2020,-0.259992045,-0.256,-0.261,-0.260
30/04/2020,-0.245027734,-0.241,-0.243,-0.245
05/05/2020,-0.259906915,-0.256,-0.256,-0.260
07/05/2020,-0.277802474,-0.273,-0.270,-0.278
08/05/2020,-0.268121936,-0.264,-0.262,-0.268
11/05/2020,-0.256902787,-0.253,-0.252,-0.257
12/05/2020,-0.249093239,-0.245,-0.243,-0.249
13/05/2020,-0.251417896,-0.247,-0.246,-0.251
14/05/2020,-0.262438938,-0.258,-0.256,-0.262
15/05/2020,-0.263398382,-0.259,-0.255,-0.263
18/05/2020,-0.258359222,-0.253,-0.250,-0.258
19/05/2020,-0.24211781,-0.237,-0.236,-0.242
20/05/2020,-0.239426973,-0.234,-0.230,-0.239
21/05/2020,-0.241308639,-0.236,-0.232,-0.241
22/05/2020,-0.253121764,-0.248,-0.246,-0.253
25/05/2020,-0.239683757,-0.235,-0.233,-0.239
26/05/2020,-0.227279799,-0.223,-0.222,-0.227
27/05/2020,-0.220543906,-0.217,-0.213,-0.220
28/05/2020,-0.22468052,-0.221,-0.218,-0.224
29/05/2020,-0.224181115,-0.221,-0.216,-0.224
01/06/2020,-0.215006237,-0.212,-0.207,-0.215
02/06/2020,-0.19931536,-0.196,-0.192,-0.199
04/06/2020,-0.167650672,-0.165,-0.164,-0.167
05/06/2020,-0.154099231,-0.151,-0.150,-0.154
08/06/2020,-0.154717529,-0.152,-0.146,-0.155
09/06/2020,-0.168647906,-0.166,-0.165,-0.168
10/06/2020,-0.161771844,-0.159,-0.160,-0.162
11/06/2020,-0.177887379,-0.175,-0.177,-0.178
12/06/2020,-0.186412483,-0.184,-0.186,-0.186
15/06/2020,-0.215074789,-0.212,-0.214,-0.215
16/06/2020,-0.199055007,-0.196,-0.196,-0.199
17/06/2020,-0.191674592,-0.188,-0.188,-0.192
18/06/2020,-0.197262279,-0.194,-0.192,-0.197
19/06/2020,-0.199839504,-0.196,-0.195,-0.200
22/06/2020,-0.217856121,-0.214,-0.208,-0.218
23/06/2020,-0.213996371,-0.210,-0.205,-0.214
24/06/2020,-0.225168905,-0.222,-0.219,-0.225
25/06/2020,-0.230339142,-0.226,-0.223,-0.230
26/06/2020,-0.230653149,-0.227,-0.223,-0.230
29/06/2020,-0.232617959,-0.228,-0.223,-0.232
30/06/2020,-0.225937714,-0.222,-0.217,-0.226
01/07/2020,-0.219395968,-0.215,-0.210,-0.219
02/07/2020,-0.201076371,-0.197,-0.194,-0.201
03/07/2020,-0.20717757,-0.203,-0.198,-0.207
07/07/2020,-0.209807479,-0.205,-0.200,-0.210
08/07/2020,-0.217781609,-0.213,-0.207,-0.218
09/07/2020,-0.218227734,-0.214,-0.208,-0.218
10/07/2020,-0.227751458,-0.223,-0.218,-0.228
13/07/2020,-0.233539994,-0.229,-0.222,-0.233
14/07/2020,-0.234412138,-0.230,-0.223,-0.234
15/07/2020,-0.222644759,-0.218,-0.213,-0.222
16/07/2020,-0.226628533,-0.222,-0.216,-0.226
17/07/2020,-0.220024584,-0.216,-0.212,-0.220
20/07/2020,-0.22457881,-0.220,-0.216,-0.224
21/07/2020,-0.208055661,-0.203,-0.201,-0.208
22/07/2020,-0.219579915,-0.215,-0.212,-0.219
23/07/2020,-0.213644255,-0.209,-0.208,-0.213
24/07/2020,-0.227024772,-0.222,-0.221,-0.227
29/07/2020,-0.231690534,-0.227,-0.226,-0.231
30/07/2020,-0.245811893,-0.241,-0.240,-0.245
31/07/2020,-0.236849089,-0.232,-0.232,-0.237
03/08/2020,-0.24336096,-0.238,-0.236,-0.243
04/08/2020,-0.236796743,-0.232,-0.229,-0.236
05/08/2020,-0.233190556,-0.228,-0.225,-0.233
06/08/2020,-0.235222193,-0.230,-0.228,-0.235
07/08/2020,-0.242439841,-0.237,-0.233,-0.242
10/08/2020,-0.243608087,-0.238,-0.235,-0.243
11/08/2020,-0.230094857,-0.226,-0.223,-0.230
13/08/2020,-0.216935521,-0.213,-0.212,-0.217
14/08/2020,-0.230782827,-0.227,-0.227,-0.231
17/08/2020,-0.230777449,-0.227,-0.228,-0.231
18/08/2020,-0.224012288,-0.220,-0.223,-0.224
19/08/2020,-0.239952875,-0.236,-0.239,-0.240
20/08/2020,-0.246501187,-0.243,-0.246,-0.246
21/08/2020,-0.242718219,-0.240,-0.246,-0.242
24/08/2020,-0.228297383,-0.225,-0.232,-0.228
25/08/2020,-0.22827034,-0.225,-0.233,-0.228
26/08/2020,-0.225952639,-0.223,-0.230,-0.226
27/08/2020,-0.223386976,-0.220,-0.229,-0.223
28/08/2020,-0.223918138,-0.221,-0.230,-0.224
31/08/2020,-0.233307864,-0.230,-0.236,-0.233
01/09/2020,-0.236579801,-0.233,-0.241,-0.236
02/09/2020,-0.23136072,-0.228,-0.233,-0.231
03/09/2020,-0.233101752,-0.230,-0.236,-0.233
08/09/2020,-0.243899023,-0.241,-0.248,-0.244
09/09/2020,-0.243869538,-0.241,-0.251,-0.244
10/09/2020,-0.24484051,-0.242,-0.254,-0.245
11/09/2020,-0.253082915,-0.250,-0.262,-0.253
14/09/2020,-0.2581119,-0.255,-0.269,-0.258
15/09/2020,-0.24971585,-0.247,-0.261,-0.249
16/09/2020,-0.246089061,-0.244,-0.257,-0.246
17/09/2020,-0.252389178,-0.250,-0.262,-0.252
18/09/2020,-0.24864937,-0.246,-0.258,-0.248
21/09/2020,-0.25866861,-0.256,-0.269,-0.258
22/09/2020,-0.268204035,-0.266,-0.276,-0.268
23/09/2020,-0.272993593,-0.270,-0.282,-0.273
24/09/2020,-0.281271942,-0.279,-0.291,-0.281
25/09/2020,-0.282260647,-0.280,-0.293,-0.282
28/09/2020,-0.27024654,-0.268,-0.281,-0.270
29/09/2020,-0.274463744,-0.272,-0.283,-0.274
30/09/2020,-0.286984125,-0.285,-0.296,-0.287
01/10/2020,-0.280271741,-0.278,-0.292,-0.280
02/10/2020,-0.288835226,-0.286,-0.300,-0.289
05/10/2020,-0.285736298,-0.283,-0.297,-0.285
06/10/2020,-0.280125165,-0.277,-0.290,-0.280
07/10/2020,-0.270345981,-0.268,-0.283,-0.270
08/10/2020,-0.264086142,-0.262,-0.281,-0.264
09/10/2020,-0.270102029,-0.268,-0.284,-0.270
12/10/2020,-0.266493105,-0.264,-0.281,-0.266
14/10/2020,-0.273065945,-0.270,-0.290,-0.273
15/10/2020,-0.287989153,-0.285,-0.302,-0.288
16/10/2020,-0.293326618,-0.291,-0.309,-0.293
19/10/2020,-0.311602323,-0.309,-0.327,-0.311
20/10/2020,-0.307884238,-0.305,-0.324,-0.308
21/10/2020,-0.303673936,-0.301,-0.320,-0.303
22/10/2020,-0.305542608,-0.303,-0.322,-0.305
26/10/2020,-0.31031977,-0.308,-0.326,-0.310
27/10/2020,-0.309365382,-0.307,-0.326,-0.309
28/10/2020,-0.309632686,-0.307,-0.326,-0.309
29/10/2020,-0.314424897,-0.312,-0.333,-0.314
30/10/2020,-0.318013066,-0.316,-0.339,-0.318
02/11/2020,-0.310973155,-0.309,-0.332,-0.311
03/11/2020,-0.298002439,-0.296,-0.317,-0.298
04/11/2020,-0.29836768,-0.296,-0.319,-0.298
05/11/2020,-0.272869327,-0.271,-0.293,-0.273
06/11/2020,-0.276082525,-0.274,-0.297,-0.276
09/11/2020,-0.258555499,-0.256,-0.279,-0.258
10/11/2020,-0.205089675,-0.203,-0.230,-0.205
11/11/2020,-0.204524647,-0.203,-0.229,-0.204
12/11/2020,-0.213161311,-0.212,-0.240,-0.213
13/11/2020,-0.205752643,-0.205,-0.233,-0.205
16/11/2020,-0.199860343,-0.199,-0.229,-0.200
17/11/2020,-0.201043373,-0.200,-0.230,-0.201
18/11/2020,-0.191884096,-0.191,-0.220,-0.192
19/11/2020,-0.189413174,-0.189,-0.218,-0.189
20/11/2020,-0.176657314,-0.176,-0.204,-0.176
23/11/2020,-0.159539271,-0.159,-0.181,-0.159
24/11/2020,-0.168585778,-0.168,-0.193,-0.168
25/11/2020,-0.159384342,-0.159,-0.182,-0.159
26/11/2020,-0.150189668,-0.149,-0.175,-0.150
27/11/2020,-0.15057258,-0.150,-0.173,-0.150
30/11/2020,-0.171546261,-0.170,-0.191,-0.171
01/12/2020,-0.15973424,-0.159,-0.184,-0.159
02/12/2020,-0.163859341,-0.163,-0.189,-0.164
03/12/2020,-0.149735182,-0.149,-0.176,-0.149
04/12/2020,-0.141568221,-0.141,-0.167,-0.141
08/12/2020,-0.122226626,-0.122,-0.152,-0.122
09/12/2020,-0.119147582,-0.119,-0.156,-0.119
14/12/2020,-0.130876491,-0.130,-0.164,-0.131
15/12/2020,-0.129379157,-0.129,-0.163,-0.129
16/12/2020,-0.124836792,-0.124,-0.161,-0.125
17/12/2020,-0.12525509,-0.125,-0.161,-0.125
18/12/2020,-0.12581842,-0.125,-0.165,-0.125
21/12/2020,-0.178391813,-0.178,-0.218,-0.178
22/12/2020,-0.167515806,-0.167,-0.206,-0.167
23/12/2020,-0.175130871,-0.175,-0.214,-0.175
24/12/2020,-0.156081291,-0.156,-0.201,-0.156
25/12/2020,-0.144091235,-0.145,-0.193,-0.144
28/12/2020,-0.16641051,-0.166,-0.209,-0.166
29/12/2020,-0.151185248,-0.151,-0.195,-0.151
30/12/2020,-0.15994782,-0.160,-0.203,-0.160
04/01/2021,-0.145058229,-0.145,-0.197,-0.145
05/01/2021,-0.131390543,-0.131,-0.183,-0.131
06/01/2021,-0.137979498,-0.138,-0.182,-0.137
07/01/2021,-0.123668303,-0.125,-0.173,-0.123
08/01/2021,-0.108244152,-0.109,-0.171,-0.107
11/01/2021,-0.108892562,-0.110,-0.176,-0.108
12/01/2021,-0.104369668,-0.105,-0.175,-0.103
13/01/2021,-0.102063813,-0.103,-0.166,-0.101
14/01/2021,-0.106219362,-0.107,-0.164,-0.105
15/01/2021,-0.117446599,-0.118,-0.171,-0.116
18/01/2021,-0.127101826,-0.128,-0.176,-0.126
19/01/2021,-0.120228937,-0.121,-0.176,-0.119
20/01/2021,-0.121991696,-0.123,-0.177,-0.121
21/01/2021,-0.120181134,-0.122,-0.173,-0.119
22/01/2021,-0.130124413,-0.132,-0.181,-0.129
25/01/2021,-0.12833788,-0.130,-0.178,-0.127
26/01/2021,-0.124036252,-0.125,-0.178,-0.123
27/01/2021,-0.136847102,-0.138,-0.185,-0.136
28/01/2021,-0.154665892,-0.156,-0.200,-0.154
29/01/2021,-0.154998175,-0.156,-0.206,-0.154
01/02/2021,-0.147221806,-0.148,-0.192,-0.146
02/02/2021,-0.143985049,-0.145,-0.189,-0.143
03/02/2021,-0.144456622,-0.146,-0.191,-0.143
04/02/2021,-0.141232402,-0.142,-0.190,-0.140
05/02/2021,-0.131006129,-0.133,-0.176,-0.130
08/02/2021,-0.115256079,-0.118,-0.160,-0.114
09/02/2021,-0.116983423,-0.119,-0.158,-0.116
10/02/2021,-0.120559237,-0.123,-0.158,-0.119
11/02/2021,-0.124822812,-0.127,-0.162,-0.123
15/02/2021,-0.115306806,-0.117,-0.159,-0.114
16/02/2021,-0.115875529,-0.118,-0.158,-0.115
17/02/2021,-0.118511386,-0.121,-0.161,-0.118
18/02/2021,-0.121483561,-0.124,-0.162,-0.121
19/02/2021,-0.127576835,-0.129,-0.168,-0.126
22/02/2021,-0.142775391,-0.144,-0.182,-0.142
23/02/2021,-0.127844622,-0.129,-0.164,-0.127
24/02/2021,-0.133287794,-0.135,-0.168,-0.132
25/02/2021,-0.127249719,-0.128,-0.162,-0.126
01/03/2021,-0.125321567,-0.126,-0.159,-0.124
02/03/2021,-0.127818592,-0.128,-0.159,-0.126
03/03/2021,-0.100167891,-0.101,-0.137,-0.099
04/03/2021,-0.110103101,-0.110,-0.144,-0.108
05/03/2021,-0.103190767,-0.103,-0.138,-0.101
08/03/2021,-0.101022736,-0.100,-0.135,-0.099
09/03/2021,-0.097993149,-0.098,-0.129,-0.096
10/03/2021,-0.084683704,-0.085,-0.120,-0.083
11/03/2021,-0.081021661,-0.081,-0.117,-0.079
12/03/2021,-0.0883665,-0.087,-0.123,-0.086
15/03/2021,-0.089858387,-0.088,-0.126,-0.088
16/03/2021,-0.091135801,-0.089,-0.128,-0.089
17/03/2021,-0.09369135,-0.092,-0.129,-0.091
18/03/2021,-0.093745053,-0.092,-0.129,-0.091
19/03/2021,-0.096531167,-0.094,-0.134,-0.094
22/03/2021,-0.096617799,-0.094,-0.131,-0.094
23/03/2021,-0.098124443,-0.095,-0.134,-0.095
24/03/2021,-0.094554435,-0.091,-0.132,-0.092
25/03/2021,-0.096932453,-0.094,-0.131,-0.095
26/03/2021,-0.095515215,-0.093,-0.129,-0.093
29/03/2021,-0.09011318,-0.087,-0.122,-0.088
30/03/2021,-0.086255456,-0.084,-0.119,-0.084
31/03/2021,-0.089284243,-0.087,-0.120,-0.087
01/04/2021,-0.082581823,-0.080,-0.120,-0.080
02/04/2021,-0.081794681,-0.079,-0.122,-0.079
05/04/2021,-0.092376766,-0.089,-0.137,-0.090
07/04/2021,-0.10539615,-0.102,-0.150,-0.103
08/04/2021,-0.103891949,-0.101,-0.153,-0.101
09/04/2021,-0.101595349,-0.099,-0.150,-0.099
12/04/2021,-0.116824518,-0.114,-0.163,-0.114
16/04/2021,-0.111646034,-0.109,-0.160,-0.109
19/04/2021,-0.097688912,-0.094,-0.150,-0.095
20/04/2021,-0.093957283,-0.091,-0.147,-0.091
21/04/2021,-0.098478798,-0.095,-0.151,-0.096
22/04/2021,-0.107559908,-0.104,-0.158,-0.105
23/04/2021,-0.117562574,-0.114,-0.168,-0.115
26/04/2021,-0.114959751,-0.112,-0.167,-0.111
27/04/2021,-0.113062367,-0.110,-0.168,-0.109
28/04/2021,-0.110458374,-0.107,-0.158,-0.107
29/04/2021,-0.101570684,-0.098,-0.148,-0.098
30/04/2021,-0.108989131,-0.105,-0.154,-0.105
05/05/2021,-0.134428404,-0.130,-0.174,-0.131
06/05/2021,-0.121246274,-0.117,-0.164,-0.117
07/05/2021,-0.112204694,-0.108,-0.159,-0.109
10/05/2021,-0.107514617,-0.103,-0.159,-0.103
11/05/2021,-0.112686211,-0.108,-0.162,-0.109
12/05/2021,-0.116641875,-0.112,-0.174,-0.113
13/05/2021,-0.129863467,-0.126,-0.182,-0.126
14/05/2021,-0.12958615,-0.125,-0.183,-0.125
17/05/2021,-0.129662105,-0.126,-0.185,-0.125
18/05/2021,-0.119364493,-0.116,-0.176,-0.115
19/05/2021,-0.125097861,-0.120,-0.181,-0.120
20/05/2021,-0.129310924,-0.124,-0.185,-0.124
21/05/2021,-0.131877242,-0.127,-0.188,-0.126
24/05/2021,-0.134906648,-0.130,-0.192,-0.129
25/05/2021,-0.122588345,-0.118,-0.186,-0.116
27/05/2021,-0.113346617,-0.108,-0.173,-0.107
28/05/2021,-0.113043888,-0.108,-0.175,-0.107
31/05/2021,-0.10705934,-0.101,-0.171,-0.101
01/06/2021,-0.092949916,-0.087,-0.156,-0.087
02/06/2021,-0.095841814,-0.090,-0.159,-0.090
04/06/2021,-0.098363201,-0.093,-0.162,-0.093
07/06/2021,-0.097194446,-0.092,-0.159,-0.092
08/06/2021,-0.097638811,-0.093,-0.158,-0.093
09/06/2021,-0.089264281,-0.085,-0.152,-0.084
10/06/2021,-0.091460277,-0.087,-0.150,-0.086
11/06/2021,-0.085000366,-0.080,-0.140,-0.080
14/06/2021,-0.084918709,-0.079,-0.142,-0.080
15/06/2021,-0.094650714,-0.090,-0.150,-0.090
16/06/2021,-0.092326849,-0.087,-0.148,-0.087
17/06/2021,-0.096937515,-0.092,-0.152,-0.092
18/06/2021,-0.098467941,-0.093,-0.158,-0.094
21/06/2021,-0.10513328,-0.100,-0.165,-0.101
22/06/2021,-0.104989403,-0.099,-0.164,-0.100
23/06/2021,-0.109064525,-0.103,-0.171,-0.104
24/06/2021,-0.111946677,-0.106,-0.174,-0.107
25/06/2021,-0.114993025,-0.110,-0.177,-0.110
28/06/2021,-0.116699238,-0.111,-0.183,-0.111
29/06/2021,-0.1127065,-0.107,-0.181,-0.107
30/06/2021,-0.117076076,-0.112,-0.183,-0.111
01/07/2021,-0.111340422,-0.106,-0.178,-0.105
02/07/2021,-0.121138928,-0.116,-0.184,-0.115
05/07/2021,-0.121040306,-0.116,-0.184,-0.115
06/07/2021,-0.113362194,-0.108,-0.182,-0.107
07/07/2021,-0.121472857,-0.116,-0.190,-0.115
08/07/2021,-0.143775177,-0.138,-0.209,-0.137
09/07/2021,-0.137632968,-0.132,-0.207,-0.131
12/07/2021,-0.13996881,-0.134,-0.208,-0.134
13/07/2021,-0.127475728,-0.121,-0.196,-0.121
14/07/2021,-0.130322577,-0.124,-0.199,-0.123
15/07/2021,-0.128477727,-0.122,-0.204,-0.122
16/07/2021,-0.127874862,-0.122,-0.199,-0.121
19/07/2021,-0.140782715,-0.135,-0.210,-0.134
20/07/2021,-0.15163526,-0.146,-0.221,-0.146
21/07/2021,-0.149668538,-0.144,-0.222,-0.144
22/07/2021,-0.140736683,-0.136,-0.215,-0.135
23/07/2021,-0.14705587,-0.142,-0.218,-0.141
27/07/2021,-0.154480564,-0.150,-0.222,-0.148
29/07/2021,-0.156124062,-0.151,-0.225,-0.150
30/07/2021,-0.166676169,-0.162,-0.235,-0.160
02/08/2021,-0.165965423,-0.161,-0.233,-0.160
03/08/2021,-0.15533449,-0.150,-0.224,-0.149
04/08/2021,-0.15442287,-0.149,-0.222,-0.148
05/08/2021,-0.166707638,-0.161,-0.234,-0.160
06/08/2021,-0.169636999,-0.164,-0.237,-0.164
09/08/2021,-0.160851865,-0.156,-0.226,-0.155
10/08/2021,-0.160188047,-0.155,-0.224,-0.155
11/08/2021,-0.166543774,-0.162,-0.231,-0.161
13/08/2021,-0.166222315,-0.162,-0.234,-0.161
16/08/2021,-0.162850526,-0.158,-0.229,-0.158
17/08/2021,-0.156206519,-0.151,-0.222,-0.151
18/08/2021,-0.150901736,-0.146,-0.216,-0.146
19/08/2021,-0.157390333,-0.153,-0.222,-0.152
20/08/2021,-0.154684505,-0.150,-0.219,-0.150
23/08/2021,-0.130690052,-0.126,-0.195,-0.126
24/08/2021,-0.126741023,-0.122,-0.191,-0.122
25/08/2021,-0.11950939,-0.115,-0.185,-0.115
26/08/2021,-0.122042081,-0.117,-0.184,-0.117
27/08/2021,-0.114021206,-0.110,-0.179,-0.109
30/08/2021,-0.100446613,-0.096,-0.164,-0.096
31/08/2021,-0.101032587,-0.097,-0.165,-0.097
01/09/2021,-0.104581978,-0.100,-0.177,-0.100
02/09/2021,-0.095555507,-0.091,-0.174,-0.091
03/09/2021,-0.09766365,-0.093,-0.174,-0.093
06/09/2021,-0.0999792,-0.095,-0.178,-0.096
07/09/2021,-0.104999321,-0.101,-0.181,-0.102
08/09/2021,-0.10873564,-0.104,-0.186,-0.105
09/09/2021,-0.111977882,-0.107,-0.190,-0.108
10/09/2021,-0.10809486,-0.103,-0.190,-0.104
13/09/2021,-0.106937948,-0.103,-0.181,-0.103
14/09/2021,-0.107649486,-0.103,-0.177,-0.104
15/09/2021,-0.106831702,-0.102,-0.175,-0.103
16/09/2021,-0.101593716,-0.097,-0.170,-0.097
17/09/2021,-0.105100984,-0.101,-0.176,-0.101
20/09/2021,-0.117409045,-0.113,-0.187,-0.113
21/09/2021,-0.112866639,-0.109,-0.177,-0.109
22/09/2021,-0.113588878,-0.109,-0.175,-0.110
23/09/2021,-0.108268705,-0.104,-0.170,-0.105
27/09/2021,-0.112669699,-0.108,-0.170,-0.110
28/09/2021,-0.114726647,-0.111,-0.172,-0.112
29/09/2021,-0.114856948,-0.110,-0.173,-0.112
30/09/2021,-0.120545484,-0.115,-0.179,-0.117
01/10/2021,-0.119725641,-0.115,-0.180,-0.117
04/10/2021,-0.114827502,-0.110,-0.173,-0.112
05/10/2021,-0.111029647,-0.106,-0.166,-0.108
06/10/2021,-0.113081056,-0.107,-0.169,-0.110
07/10/2021,-0.104644385,-0.099,-0.163,-0.102
08/10/2021,-0.098444623,-0.093,-0.159,-0.095
11/10/2021,-0.10037878,-0.095,-0.159,-0.097
12/10/2021,-0.097813367,-0.092,-0.152,-0.095
14/10/2021,-0.099626805,-0.094,-0.152,-0.097
15/10/2021,-0.097940959,-0.093,-0.151,-0.095
18/10/2021,-0.093932227,-0.089,-0.148,-0.091
19/10/2021,-0.09995462,-0.095,-0.156,-0.096
20/10/2021,-0.096068301,-0.091,-0.154,-0.092
21/10/2021,-0.090297443,-0.085,-0.152,-0.087
25/10/2021,-0.095206099,-0.091,-0.157,-0.092
26/10/2021,-0.09571498,-0.091,-0.161,-0.092
27/10/2021,-0.101229403,-0.097,-0.165,-0.098
28/10/2021,-0.105693328,-0.101,-0.166,-0.102
29/10/2021,-0.104803327,-0.100,-0.166,-0.101
01/11/2021,-0.109285069,-0.105,-0.170,-0.106
02/11/2021,-0.105139823,-0.101,-0.167,-0.102
03/11/2021,-0.106451691,-0.103,-0.171,-0.103
04/11/2021,-0.099194728,-0.096,-0.166,-0.096
05/11/2021,-0.099550304,-0.097,-0.166,-0.096
08/11/2021,-0.099596106,-0.097,-0.157,-0.097
09/11/2021,-0.099708925,-0.097,-0.157,-0.097
10/11/2021,-0.096916092,-0.094,-0.157,-0.094
11/11/2021,-0.097507179,-0.095,-0.157,-0.095
12/11/2021,-0.09950893,-0.097,-0.158,-0.097
15/11/2021,-0.096530998,-0.094,-0.156,-0.094
16/11/2021,-0.094036682,-0.091,-0.154,-0.091
17/11/2021,-0.092266479,-0.089,-0.154,-0.090
18/11/2021,-0.090457416,-0.087,-0.151,-0.088
19/11/2021,-0.0986892,-0.096,-0.155,-0.096
22/11/2021,-0.098433172,-0.096,-0.155,-0.096
23/11/2021,-0.101782074,-0.099,-0.158,-0.100
24/11/2021,-0.099627621,-0.096,-0.158,-0.098
25/11/2021,-0.102171317,-0.099,-0.162,-0.101
26/11/2021,-0.123980567,-0.121,-0.185,-0.122
29/11/2021,-0.135040489,-0.132,-0.200,-0.133
30/11/2021,-0.149492955,-0.147,-0.213,-0.148
01/12/2021,-0.135012435,-0.132,-0.198,-0.133
02/12/2021,-0.135467505,-0.133,-0.199,-0.134
03/12/2021,-0.138408983,-0.136,-0.200,-0.136
07/12/2021,-0.123042892,-0.120,-0.184,-0.121
08/12/2021,-0.116958476,-0.114,-0.181,-0.116
09/12/2021,-0.118727333,-0.115,-0.184,-0.117
13/12/2021,-0.114027119,-0.111,-0.181,-0.113
14/12/2021,-0.109150502,-0.106,-0.179,-0.108
15/12/2021,-0.11498403,-0.111,-0.183,-0.114
16/12/2021,-0.104136776,-0.101,-0.175,-0.103
17/12/2021,-0.105208181,-0.102,-0.176,-0.104
20/12/2021,-0.126584454,-0.123,-0.194,-0.125
21/12/2021,-0.12376296,-0.120,-0.191,-0.123
22/12/2021,-0.121531368,-0.118,-0.191,-0.121
23/12/2021,-0.111971156,-0.108,-0.183,-0.112
24/12/2021,-0.114457579,-0.111,-0.186,-0.114
27/12/2021,-0.114059573,-0.110,-0.188,-0.114
28/12/2021,-0.107537959,-0.104,-0.183,-0.107
29/12/2021,-0.10368025,-0.100,-0.175,-0.103
30/12/2021,-0.10322793,-0.099,-0.174,-0.103
04/01/2022,-0.095885,-0.092,-0.166,-0.096
05/01/2022,-0.095705101,-0.092,-0.164,-0.095
06/01/2022,-0.109979204,-0.107,-0.179,-0.109
07/01/2022,-0.109970357,-0.106,-0.175,-0.109
10/01/2022,-0.10615857,-0.103,-0.175,-0.105
11/01/2022,-0.103368219,-0.100,-0.170,-0.103
12/01/2022,-0.101418203,-0.098,-0.167,-0.101
13/01/2022,-0.099093745,-0.096,-0.168,-0.098
14/01/2022,-0.1025139,-0.100,-0.171,-0.102
17/01/2022,-0.102382182,-0.099,-0.169,-0.102
18/01/2022,-0.1068161,-0.103,-0.175,-0.107
19/01/2022,-0.114127288,-0.111,-0.174,-0.114
20/01/2022,-0.112365926,-0.108,-0.172,-0.113
21/01/2022,-0.111145341,-0.107,-0.172,-0.112
24/01/2022,-0.115341992,-0.111,-0.176,-0.116
25/01/2022,-0.114370578,-0.111,-0.177,-0.115
26/01/2022,-0.110878381,-0.107,-0.171,-0.112
27/01/2022,-0.112247829,-0.108,-0.172,-0.113
28/01/2022,-0.108322169,-0.104,-0.167,-0.109
31/01/2022,-0.101170493,-0.097,-0.164,-0.102
01/02/2022,-0.095812321,-0.092,-0.161,-0.096
02/02/2022,-0.091629531,-0.088,-0.159,-0.092
03/02/2022,-0.091827808,-0.088,-0.156,-0.092
04/02/2022,-0.093957405,-0.090,-0.153,-0.094
07/02/2022,-0.090307461,-0.087,-0.150,-0.090
08/02/2022,-0.085843278,-0.083,-0.148,-0.086
09/02/2022,-0.072360683,-0.069,-0.136,-0.073
10/02/2022,-0.069720274,-0.066,-0.136,-0.070
11/02/2022,-0.072148481,-0.069,-0.138,-0.074
14/02/2022,-0.08115156,-0.078,-0.143,-0.082
15/02/2022,-0.071402264,-0.068,-0.138,-0.073
17/02/2022,-0.065702739,-0.062,-0.132,-0.067
18/02/2022,-0.067831974,-0.064,-0.131,-0.069
21/02/2022,-0.077035141,-0.073,-0.141,-0.078
22/02/2022,-0.080841735,-0.078,-0.142,-0.082
23/02/2022,-0.07015548,-0.067,-0.139,-0.071
24/02/2022,-0.09371538,-0.090,-0.154,-0.095
25/02/2022,-0.086147843,-0.083,-0.146,-0.087
28/02/2022,-0.084414603,-0.081,-0.142,-0.086
01/03/2022,-0.075937285,-0.073,-0.140,-0.077
02/03/2022,-0.08206772,-0.079,-0.138,-0.084
03/03/2022,-0.076885017,-0.074,-0.133,-0.079
04/03/2022,-0.088132973,-0.085,-0.148,-0.090
07/03/2022,-0.114136512,-0.111,-0.168,-0.116
08/03/2022,-0.11304931,-0.110,-0.170,-0.115
09/03/2022,-0.097628463,-0.094,-0.160,-0.100
10/03/2022,-0.096703258,-0.093,-0.157,-0.098
11/03/2022,-0.093740257,-0.091,-0.152,-0.095
14/03/2022,-0.09138933,-0.088,-0.152,-0.093
15/03/2022,-0.096873108,-0.094,-0.160,-0.098
16/03/2022,-0.081618789,-0.079,-0.148,-0.083
17/03/2022,-0.075808273,-0.073,-0.144,-0.077
18/03/2022,-0.07846936,-0.076,-0.148,-0.080
21/03/2022,-0.083610363,-0.081,-0.151,-0.085
22/03/2022,-0.085129766,-0.082,-0.149,-0.086
23/03/2022,-0.089247274,-0.086,-0.152,-0.090
24/03/2022,-0.087811642,-0.085,-0.149,-0.089
25/03/2022,-0.091253396,-0.088,-0.153,-0.093
28/03/2022,-0.086895999,-0.084,-0.150,-0.088
29/03/2022,-0.081593459,-0.078,-0.147,-0.084
30/03/2022,-0.074277056,-0.071,-0.144,-0.076
31/03/2022,-0.074883555,-0.072,-0.147,-0.077
01/04/2022,-0.071409012,-0.068,-0.145,-0.073
04/04/2022,-0.07218728,-0.069,-0.145,-0.074
05/04/2022,-0.071159667,-0.068,-0.143,-0.073
07/04/2022,-0.082906352,-0.079,-0.154,-0.085
08/04/2022,-0.077210259,-0.074,-0.152,-0.079
11/04/2022,-0.081292396,-0.078,-0.155,-0.083
12/04/2022,-0.081379027,-0.078,-0.158,-0.083
18/04/2022,-0.084661441,-0.082,-0.159,-0.086
19/04/2022,-0.082556648,-0.080,-0.154,-0.084
20/04/2022,-0.081442101,-0.079,-0.155,-0.083
21/04/2022,-0.078994114,-0.076,-0.152,-0.080
22/04/2022,-0.076671376,-0.074,-0.153,-0.078
25/04/2022,-0.082630715,-0.080,-0.160,-0.084
26/04/2022,-0.078916818,-0.076,-0.158,-0.081
27/04/2022,-0.083868482,-0.081,-0.160,-0.086
28/04/2022,-0.080148736,-0.078,-0.156,-0.082
29/04/2022,-0.085693958,-0.083,-0.156,-0.087
03/05/2022,-0.093208613,-0.090,-0.159,-0.095
05/05/2022,-0.101353111,-0.098,-0.160,-0.103
06/05/2022,-0.112092627,-0.109,-0.169,-0.113
09/05/2022,-0.124890633,-0.121,-0.178,-0.126
10/05/2022,-0.108585006,-0.105,-0.169,-0.110
11/05/2022,-0.116898496,-0.113,-0.173,-0.119
12/05/2022,-0.127781165,-0.124,-0.180,-0.130
13/05/2022,-0.128492189,-0.124,-0.177,-0.131
17/05/2022,-0.115965942,-0.112,-0.163,-0.118
18/05/2022,-0.108047174,-0.104,-0.158,-0.110
19/05/2022,-0.117002076,-0.112,-0.166,-0.119
20/05/2022,-0.107523385,-0.103,-0.159,-0.110
23/05/2022,-0.101657872,-0.097,-0.153,-0.104
24/05/2022,-0.106157973,-0.101,-0.160,-0.109
25/05/2022,-0.109791636,-0.105,-0.161,-0.113
26/05/2022,-0.105117706,-0.100,-0.156,-0.108
27/05/2022,-0.102185997,-0.098,-0.152,-0.104
30/05/2022,-0.091259795,-0.087,-0.144,-0.093
31/05/2022,-0.088891485,-0.085,-0.139,-0.091
01/06/2022,-0.088834319,-0.085,-0.140,-0.091
02/06/2022,-0.096358931,-0.092,-0.146,-0.098
06/06/2022,-0.097903082,-0.093,-0.147,-0.100
07/06/2022,-0.106838255,-0.102,-0.153,-0.109
08/06/2022,-0.107123443,-0.102,-0.151,-0.109
09/06/2022,-0.104104431,-0.100,-0.148,-0.106
10/06/2022,-0.110441845,-0.106,-0.154,-0.112
13/06/2022,-0.127894958,-0.123,-0.170,-0.130
14/06/2022,-0.124635746,-0.120,-0.168,-0.127
15/06/2022,-0.126479322,-0.121,-0.171,-0.129
16/06/2022,-0.144494067,-0.139,-0.188,-0.147
17/06/2022,-0.140967523,-0.136,-0.192,-0.144
20/06/2022,-0.139770075,-0.134,-0.189,-0.143
21/06/2022,-0.13534434,-0.130,-0.184,-0.138
22/06/2022,-0.144639533,-0.139,-0.189,-0.148
23/06/2022,-0.143724994,-0.138,-0.193,-0.147
24/06/2022,-0.139430787,-0.133,-0.189,-0.143
27/06/2022,-0.134932576,-0.129,-0.181,-0.138
28/06/2022,-0.130151976,-0.124,-0.171,-0.133
29/06/2022,-0.136831571,-0.131,-0.176,-0.140
30/06/2022,-0.145881716,-0.140,-0.186,-0.149
01/07/2022,-0.141788311,-0.136,-0.181,-0.145
04/07/2022,-0.151972918,-0.145,-0.187,-0.156
05/07/2022,-0.162806529,-0.156,-0.194,-0.167
06/07/2022,-0.159342701,-0.153,-0.193,-0.164
07/07/2022,-0.148980976,-0.142,-0.181,-0.153
08/07/2022,-0.154497928,-0.148,-0.185,-0.159
11/07/2022,-0.154562819,-0.148,-0.186,-0.159
12/07/2022,-0.15943143,-0.153,-0.191,-0.164
14/07/2022,-0.166759349,-0.160,-0.198,-0.171
15/07/2022,-0.166144775,-0.159,-0.201,-0.171
18/07/2022,-0.161954965,-0.155,-0.194,-0.166
19/07/2022,-0.167259669,-0.161,-0.199,-0.171
20/07/2022,-0.165467038,-0.159,-0.199,-0.170
21/07/2022,-0.157406965,-0.151,-0.198,-0.161
22/07/2022,-0.153337861,-0.147,-0.194,-0.157
25/07/2022,-0.14574321,-0.140,-0.191,-0.149
26/07/2022,-0.148994572,-0.143,-0.194,-0.152
27/07/2022,-0.141334695,-0.136,-0.186,-0.144
01/08/2022,-0.132759065,-0.127,-0.183,-0.135
02/08/2022,-0.133672693,-0.128,-0.183,-0.136
03/08/2022,-0.134875054,-0.129,-0.182,-0.138
04/08/2022,-0.13131209,-0.125,-0.184,-0.134
05/08/2022,-0.125960129,-0.120,-0.182,-0.129
08/08/2022,-0.121985322,-0.116,-0.174,-0.125
09/08/2022,-0.118090997,-0.112,-0.172,-0.121
10/08/2022,-0.122448075,-0.116,-0.170,-0.126
11/08/2022,-0.12268729,-0.116,-0.170,-0.126
15/08/2022,-0.120673525,-0.114,-0.171,-0.124
16/08/2022,-0.121436277,-0.115,-0.169,-0.125
17/08/2022,-0.114674177,-0.108,-0.162,-0.118
18/08/2022,-0.115846602,-0.110,-0.164,-0.119
19/08/2022,-0.119870665,-0.113,-0.165,-0.123
22/08/2022,-0.127236058,-0.121,-0.171,-0.130
23/08/2022,-0.119805686,-0.113,-0.163,-0.123
24/08/2022,-0.120710295,-0.114,-0.160,-0.124
25/08/2022,-0.11401409,-0.107,-0.156,-0.117
26/08/2022,-0.115122071,-0.108,-0.155,-0.118
29/08/2022,-0.123965207,-0.117,-0.162,-0.127
30/08/2022,-0.116689485,-0.110,-0.154,-0.120
31/08/2022,-0.114153202,-0.107,-0.156,-0.118
01/09/2022,-0.121889182,-0.115,-0.165,-0.125
02/09/2022,-0.122577568,-0.115,-0.166,-0.126
05/09/2022,-0.124655987,-0.118,-0.167,-0.128
06/09/2022,-0.122674165,-0.116,-0.164,-0.126
07/09/2022,-0.124779399,-0.117,-0.167,-0.129
08/09/2022,-0.123807464,-0.116,-0.170,-0.128
09/09/2022,-0.121689848,-0.114,-0.168,-0.126
12/09/2022,-0.113131454,-0.106,-0.162,-0.117
13/09/2022,-0.114151522,-0.106,-0.162,-0.118
14/09/2022,-0.117966117,-0.110,-0.167,-0.122
15/09/2022,-0.124059479,-0.116,-0.173,-0.128
16/09/2022,-0.132359938,-0.124,-0.178,-0.137
19/09/2022,-0.132364256,-0.124,-0.179,-0.136
20/09/2022,-0.12775027,-0.120,-0.176,-0.132
21/09/2022,-0.13232776,-0.124,-0.179,-0.137
22/09/2022,-0.128105867,-0.120,-0.176,-0.133
23/09/2022,-0.135443413,-0.127,-0.182,-0.140
26/09/2022,-0.142768213,-0.134,-0.189,-0.148
27/09/2022,-0.148067205,-0.139,-0.193,-0.154
28/09/2022,-0.151247072,-0.142,-0.202,-0.157
29/09/2022,-0.158318559,-0.149,-0.209,-0.164
30/09/2022,-0.157923429,-0.149,-0.209,-0.163
03/10/2022,-0.178845141,-0.170,-0.221,-0.185
04/10/2022,-0.169303322,-0.160,-0.214,-0.175
05/10/2022,-0.166595001,-0.158,-0.211,-0.172
06/10/2022,-0.161578583,-0.152,-0.211,-0.167
07/10/2022,-0.166218779,-0.157,-0.214,-0.171
10/10/2022,-0.175108995,-0.166,-0.219,-0.180
11/10/2022,-0.180676379,-0.172,-0.224,-0.186
12/10/2022,-0.178651753,-0.170,-0.224,-0.184
17/10/2022,-0.173522852,-0.166,-0.220,-0.178
18/10/2022,-0.159900163,-0.152,-0.208,-0.165
19/10/2022,-0.159898734,-0.152,-0.208,-0.165
20/10/2022,-0.153022252,-0.145,-0.200,-0.158
21/10/2022,-0.157012948,-0.149,-0.202,-0.162
25/10/2022,-0.152493305,-0.144,-0.199,-0.158
26/10/2022,-0.148037271,-0.140,-0.196,-0.153
27/10/2022,-0.141138211,-0.133,-0.189,-0.146
28/10/2022,-0.144700347,-0.137,-0.189,-0.150
31/10/2022,-0.141296945,-0.133,-0.185,-0.147
01/11/2022,-0.13492055,-0.127,-0.177,-0.140
02/11/2022,-0.133997345,-0.126,-0.175,-0.139
03/11/2022,-0.135592497,-0.127,-0.176,-0.141
04/11/2022,-0.135760294,-0.128,-0.174,-0.140
07/11/2022,-0.138307903,-0.130,-0.175,-0.143
08/11/2022,-0.134424131,-0.126,-0.172,-0.139
09/11/2022,-0.139129818,-0.131,-0.177,-0.144
10/11/2022,-0.135073107,-0.127,-0.178,-0.140
11/11/2022,-0.124038379,-0.116,-0.168,-0.129
14/11/2022,-0.131668218,-0.124,-0.176,-0.136
15/11/2022,-0.126646445,-0.119,-0.175,-0.131
16/11/2022,-0.131984032,-0.125,-0.180,-0.136
17/11/2022,-0.13437918,-0.127,-0.182,-0.138
18/11/2022,-0.133395633,-0.126,-0.180,-0.137
21/11/2022,-0.130547372,-0.123,-0.178,-0.135
22/11/2022,-0.133509457,-0.127,-0.181,-0.137
23/11/2022,-0.131293865,-0.124,-0.176,-0.135
24/11/2022,-0.130336791,-0.123,-0.176,-0.134
25/11/2022,-0.133756301,-0.127,-0.180,-0.137
28/11/2022,-0.135152758,-0.128,-0.182,-0.139
29/11/2022,-0.1290601,-0.122,-0.176,-0.133
30/11/2022,-0.121280675,-0.114,-0.171,-0.125
01/12/2022,-0.116859865,-0.110,-0.171,-0.120
02/12/2022,-0.121019569,-0.115,-0.177,-0.124
06/12/2022,-0.124035374,-0.117,-0.181,-0.127
07/12/2022,-0.124831529,-0.118,-0.183,-0.128
08/12/2022,-0.12341171,-0.117,-0.185,-0.127
09/12/2022,-0.123004346,-0.117,-0.185,-0.126
13/12/2022,-0.120547992,-0.114,-0.182,-0.124
14/12/2022,-0.115368298,-0.109,-0.179,-0.119
15/12/2022,-0.123279432,-0.117,-0.185,-0.127
16/12/2022,-0.12181017,-0.116,-0.184,-0.125
19/12/2022,-0.120444897,-0.114,-0.185,-0.124
20/12/2022,-0.127493846,-0.122,-0.190,-0.131
21/12/2022,-0.124655762,-0.119,-0.191,-0.129
22/12/2022,-0.122766739,-0.117,-0.188,-0.127
23/12/2022,-0.122254069,-0.116,-0.188,-0.126
26/12/2022,-0.119312512,-0.113,-0.182,-0.123
27/12/2022,-0.108819026,-0.103,-0.172,-0.113
28/12/2022,-0.104720672,-0.099,-0.168,-0.109
29/12/2022,-0.098512992,-0.092,-0.162,-0.103
30/12/2022,-0.10313188,-0.097,-0.165,-0.107
03/01/2023,-0.099922443,-0.094,-0.157,-0.104
04/01/2023,-0.101609141,-0.096,-0.162,-0.106
05/01/2023,-0.10164071,-0.096,-0.168,-0.106
06/01/2023,-0.09639386,-0.090,-0.165,-0.101
09/01/2023,-0.084138234,-0.078,-0.154,-0.089
10/01/2023,-0.086236234,-0.080,-0.153,-0.091
11/01/2023,-0.093039461,-0.086,-0.157,-0.098
12/01/2023,-0.091417066,-0.085,-0.153,-0.096
13/01/2023,-0.090296107,-0.084,-0.157,-0.095
16/01/2023,-0.092529245,-0.086,-0.157,-0.097
17/01/2023,-0.09394055,-0.087,-0.158,-0.099
18/01/2023,-0.0968765,-0.090,-0.156,-0.101
19/01/2023,-0.093521049,-0.087,-0.154,-0.098
20/01/2023,-0.103088524,-0.097,-0.161,-0.107
23/01/2023,-0.101382825,-0.095,-0.157,-0.106
24/01/2023,-0.099910732,-0.094,-0.158,-0.104
25/01/2023,-0.101431888,-0.096,-0.159,-0.106
26/01/2023,-0.107979805,-0.102,-0.164,-0.112
27/01/2023,-0.100788172,-0.095,-0.161,-0.105
30/01/2023,-0.104021161,-0.099,-0.160,-0.108
31/01/2023,-0.113966735,-0.108,-0.169,-0.118
01/02/2023,-0.102494856,-0.097,-0.162,-0.106
02/02/2023,-0.102052791,-0.096,-0.164,-0.106
03/02/2023,-0.09941996,-0.093,-0.161,-0.104
06/02/2023,-0.104171882,-0.098,-0.165,-0.108
07/02/2023,-0.107976955,-0.102,-0.166,-0.112
08/02/2023,-0.110288768,-0.105,-0.168,-0.114
09/02/2023,-0.107693702,-0.102,-0.168,-0.112
10/02/2023,-0.104647978,-0.099,-0.169,-0.109
13/02/2023,-0.103096038,-0.097,-0.170,-0.108
14/02/2023,-0.108059253,-0.103,-0.175,-0.112
15/02/2023,-0.116827898,-0.112,-0.174,-0.121
16/02/2023,-0.115080975,-0.110,-0.168,-0.119
17/02/2023,-0.119237413,-0.114,-0.170,-0.123
20/02/2023,-0.11434489,-0.109,-0.171,-0.118
21/02/2023,-0.10596984,-0.101,-0.164,-0.110
22/02/2023,-0.109454713,-0.104,-0.170,-0.114
23/02/2023,-0.116608634,-0.111,-0.174,-0.121
24/02/2023,-0.12899663,-0.123,-0.185,-0.134
27/02/2023,-0.130546658,-0.125,-0.188,-0.135
28/02/2023,-0.135611397,-0.130,-0.192,-0.140
01/03/2023,-0.142782574,-0.137,-0.193,-0.147
02/03/2023,-0.146216287,-0.141,-0.192,-0.151
03/03/2023,-0.147416101,-0.142,-0.196,-0.152
07/03/2023,-0.142640308,-0.137,-0.191,-0.147
08/03/2023,-0.144004356,-0.139,-0.194,-0.149
09/03/2023,-0.141054833,-0.136,-0.195,-0.146
10/03/2023,-0.148952695,-0.144,-0.203,-0.154
13/03/2023,-0.163572204,-0.159,-0.214,-0.167
14/03/2023,-0.189375692,-0.185,-0.239,-0.193
15/03/2023,-0.171303918,-0.167,-0.217,-0.175
16/03/2023,-0.175085526,-0.170,-0.224,-0.180
17/03/2023,-0.166526457,-0.162,-0.216,-0.171
20/03/2023,-0.170000713,-0.165,-0.221,-0.174
21/03/2023,-0.158792553,-0.154,-0.210,-0.163
22/03/2023,-0.155767514,-0.151,-0.203,-0.160
23/03/2023,-0.147209399,-0.142,-0.198,-0.152
24/03/2023,-0.149937131,-0.145,-0.201,-0.154
27/03/2023,-0.14961025,-0.145,-0.200,-0.154
28/03/2023,-0.140662223,-0.136,-0.194,-0.145
29/03/2023,-0.142138248,-0.137,-0.192,-0.146
30/03/2023,-0.151392834,-0.146,-0.195,-0.155
31/03/2023,-0.151949648,-0.147,-0.193,-0.156
03/04/2023,-0.146250579,-0.141,-0.195,-0.150
04/04/2023,-0.150675952,-0.146,-0.199,-0.155
05/04/2023,-0.163697078,-0.159,-0.211,-0.168
07/04/2023,-0.160436166,-0.155,-0.209,-0.165
10/04/2023,-0.153027472,-0.148,-0.200,-0.157
11/04/2023,-0.147684457,-0.143,-0.198,-0.152
12/04/2023,-0.150243765,-0.145,-0.200,-0.155
17/04/2023,-0.142948691,-0.138,-0.195,-0.147
18/04/2023,-0.147256985,-0.142,-0.198,-0.152
19/04/2023,-0.158165998,-0.153,-0.203,-0.163
20/04/2023,-0.162643545,-0.158,-0.212,-0.167
21/04/2023,-0.163968655,-0.160,-0.215,-0.168
24/04/2023,-0.167402143,-0.163,-0.213,-0.172
25/04/2023,-0.179458432,-0.176,-0.219,-0.183
26/04/2023,-0.178158832,-0.174,-0.219,-0.182
27/04/2023,-0.178543936,-0.174,-0.226,-0.183
28/04/2023,-0.176145787,-0.172,-0.227,-0.180
02/05/2023,-0.178262029,-0.174,-0.223,-0.182
03/05/2023,-0.173096506,-0.169,-0.224,-0.177
08/05/2023,-0.157095656,-0.153,-0.208,-0.161
09/05/2023,-0.151935033,-0.147,-0.205,-0.156
10/05/2023,-0.149485816,-0.145,-0.204,-0.154
11/05/2023,-0.150506995,-0.146,-0.204,-0.155
12/05/2023,-0.150375535,-0.146,-0.205,-0.155
15/05/2023,-0.16829154,-0.164,-0.212,-0.172
16/05/2023,-0.170635278,-0.166,-0.214,-0.175
17/05/2023,-0.182253064,-0.178,-0.225,-0.187
18/05/2023,-0.182689734,-0.178,-0.222,-0.187
19/05/2023,-0.186575244,-0.182,-0.228,-0.191
22/05/2023,-0.183820943,-0.180,-0.221,-0.188
23/05/2023,-0.174285564,-0.170,-0.219,-0.178
24/05/2023,-0.17386435,-0.170,-0.217,-0.178
25/05/2023,-0.176012419,-0.172,-0.218,-0.180
26/05/2023,-0.177290012,-0.173,-0.222,-0.181
29/05/2023,-0.174302895,-0.170,-0.218,-0.178
30/05/2023,-0.178381034,-0.174,-0.222,-0.182
31/05/2023,-0.178936344,-0.174,-0.226,-0.184
01/06/2023,-0.183867218,-0.180,-0.229,-0.188
02/06/2023,-0.180390242,-0.176,-0.222,-0.185
06/06/2023,-0.18969103,-0.186,-0.222,-0.195
07/06/2023,-0.188634816,-0.184,-0.220,-0.193
08/06/2023,-0.172792573,-0.169,-0.204,-0.177
09/06/2023,-0.171564104,-0.167,-0.207,-0.177
12/06/2023,-0.174991546,-0.171,-0.208,-0.180
13/06/2023,-0.168769427,-0.165,-0.202,-0.174
14/06/2023,-0.171229703,-0.167,-0.203,-0.176
15/06/2023,-0.180851487,-0.177,-0.202,-0.186
16/06/2023,-0.179147815,-0.175,-0.201,-0.184
19/06/2023,-0.185254774,-0.181,-0.202,-0.190
20/06/2023,-0.182691011,-0.179,-0.210,-0.187
21/06/2023,-0.192093821,-0.188,-0.217,-0.197
22/06/2023,-0.203299389,-0.200,-0.222,-0.208
23/06/2023,-0.207060842,-0.204,-0.226,-0.211
26/06/2023,-0.214551595,-0.212,-0.230,-0.218
27/06/2023,-0.217420703,-0.214,-0.235,-0.222
28/06/2023,-0.221371477,-0.218,-0.239,-0.226
29/06/2023,-0.214258662,-0.211,-0.233,-0.218
30/06/2023,-0.198942644,-0.196,-0.222,-0.203
03/07/2023,-0.196988088,-0.194,-0.218,-0.201
04/07/2023,-0.189991776,-0.187,-0.213,-0.194
05/07/2023,-0.195646408,-0.193,-0.213,-0.200
06/07/2023,-0.205569149,-0.203,-0.222,-0.210
07/07/2023,-0.208520183,-0.206,-0.222,-0.213
10/07/2023,-0.205517296,-0.203,-0.217,-0.209
11/07/2023,-0.204794566,-0.202,-0.217,-0.209
12/07/2023,-0.213260031,-0.211,-0.219,-0.217
13/07/2023,-0.211139067,-0.209,-0.220,-0.215
14/07/2023,-0.198998114,-0.197,-0.207,-0.203
17/07/2023,-0.190594539,-0.188,-0.205,-0.195
18/07/2023,-0.188749506,-0.186,-0.201,-0.193
19/07/2023,-0.185803182,-0.183,-0.201,-0.190
20/07/2023,-0.192560387,-0.190,-0.210,-0.196
21/07/2023,-0.189274851,-0.187,-0.205,-0.193
24/07/2023,-0.194995451,-0.193,-0.210,-0.198
25/07/2023,-0.194404834,-0.192,-0.209,-0.197
26/07/2023,-0.196026337,-0.194,-0.210,-0.199
27/07/2023,-0.182506114,-0.180,-0.203,-0.186
31/07/2023,-0.177791619,-0.175,-0.196,-0.181
02/08/2023,-0.183087458,-0.181,-0.197,-0.186
03/08/2023,-0.195575942,-0.193,-0.209,-0.199
04/08/2023,-0.195145418,-0.193,-0.209,-0.198
07/08/2023,-0.19330243,-0.191,-0.208,-0.196
08/08/2023,-0.20370088,-0.202,-0.215,-0.207
09/08/2023,-0.191103679,-0.189,-0.210,-0.194
10/08/2023,-0.189495962,-0.187,-0.208,-0.192
11/08/2023,-0.185416892,-0.183,-0.204,-0.188
15/08/2023,-0.19268669,-0.191,-0.212,-0.195
16/08/2023,-0.193413367,-0.192,-0.214,-0.196
17/08/2023,-0.189302213,-0.187,-0.209,-0.192
18/08/2023,-0.190777922,-0.189,-0.213,-0.193
21/08/2023,-0.184772269,-0.182,-0.210,-0.187
22/08/2023,-0.173936658,-0.171,-0.201,-0.177
23/08/2023,-0.170229545,-0.168,-0.198,-0.173
24/08/2023,-0.171237636,-0.169,-0.196,-0.174
25/08/2023,-0.166737005,-0.164,-0.195,-0.170
28/08/2023,-0.16436605,-0.162,-0.193,-0.167
29/08/2023,-0.164259866,-0.162,-0.190,-0.167
30/08/2023,-0.158341553,-0.156,-0.188,-0.162
31/08/2023,-0.164704786,-0.162,-0.196,-0.168
01/09/2023,-0.167492635,-0.165,-0.196,-0.171
04/09/2023,-0.177579223,-0.175,-0.202,-0.181
05/09/2023,-0.176345416,-0.174,-0.202,-0.180
06/09/2023,-0.178032029,-0.175,-0.200,-0.181
07/09/2023,-0.176483481,-0.174,-0.199,-0.180
08/09/2023,-0.178415793,-0.176,-0.204,-0.182
11/09/2023,-0.181683936,-0.179,-0.208,-0.185
12/09/2023,-0.180358519,-0.177,-0.205,-0.184
13/09/2023,-0.18543164,-0.183,-0.206,-0.189
14/09/2023,-0.17920741,-0.176,-0.202,-0.183
15/09/2023,-0.180769176,-0.178,-0.203,-0.184
18/09/2023,-0.186690029,-0.184,-0.211,-0.190
19/09/2023,-0.188321874,-0.186,-0.215,-0.192
20/09/2023,-0.197893457,-0.195,-0.226,-0.201
21/09/2023,-0.192715709,-0.190,-0.222,-0.196
22/09/2023,-0.186041496,-0.183,-0.215,-0.190
25/09/2023,-0.195008715,-0.192,-0.222,-0.199
26/09/2023,-0.202835946,-0.200,-0.226,-0.207
27/09/2023,-0.201766142,-0.199,-0.225,-0.206
28/09/2023,-0.208825186,-0.207,-0.233,-0.213
29/09/2023,-0.202350565,-0.200,-0.241,-0.206
02/10/2023,-0.206059449,-0.204,-0.240,-0.210
03/10/2023,-0.216837412,-0.215,-0.252,-0.221
04/10/2023,-0.212919727,-0.211,-0.253,-0.217
05/10/2023,-0.213199906,-0.211,-0.252,-0.217
06/10/2023,-0.219083608,-0.217,-0.259,-0.223
09/10/2023,-0.225363443,-0.223,-0.260,-0.229
10/10/2023,-0.222487314,-0.221,-0.258,-0.226
11/10/2023,-0.213154122,-0.211,-0.247,-0.216
12/10/2023,-0.214894691,-0.213,-0.249,-0.218
16/10/2023,-0.229902882,-0.228,-0.262,-0.233
17/10/2023,-0.224411571,-0.223,-0.256,-0.228
18/10/2023,-0.222005409,-0.221,-0.250,-0.225
19/10/2023,-0.229649885,-0.228,-0.259,-0.233
20/10/2023,-0.243696798,-0.242,-0.270,-0.247
24/10/2023,-0.248589656,-0.247,-0.276,-0.251
25/10/2023,-0.245005248,-0.244,-0.268,-0.248
26/10/2023,-0.259754079,-0.258,-0.284,-0.263
27/10/2023,-0.253698623,-0.252,-0.273,-0.257
30/10/2023,-0.250083174,-0.249,-0.267,-0.253
31/10/2023,-0.256394389,-0.255,-0.274,-0.260
01/11/2023,-0.259654774,-0.258,-0.277,-0.263
02/11/2023,-0.245972162,-0.244,-0.265,-0.249
03/11/2023,-0.23649571,-0.235,-0.257,-0.240
06/11/2023,-0.237310637,-0.236,-0.258,-0.240
07/11/2023,-0.243657425,-0.242,-0.262,-0.247
08/11/2023,-0.239675272,-0.238,-0.261,-0.243
09/11/2023,-0.245690643,-0.244,-0.264,-0.249
10/11/2023,-0.251393906,-0.250,-0.272,-0.254
13/11/2023,-0.257015465,-0.256,-0.271,-0.259
14/11/2023,-0.256748705,-0.256,-0.270,-0.259
15/11/2023,-0.24048785,-0.239,-0.254,-0.242
16/11/2023,-0.243451441,-0.242,-0.256,-0.245
17/11/2023,-0.243265674,-0.242,-0.258,-0.245
20/11/2023,-0.238721943,-0.237,-0.256,-0.240
21/11/2023,-0.237313816,-0.236,-0.254,-0.239
22/11/2023,-0.240054858,-0.239,-0.259,-0.242
23/11/2023,-0.24080667,-0.239,-0.266,-0.243
24/11/2023,-0.245817434,-0.244,-0.268,-0.248
27/11/2023,-0.248191011,-0.247,-0.271,-0.250
28/11/2023,-0.242428502,-0.241,-0.268,-0.244
29/11/2023,-0.248404444,-0.247,-0.277,-0.251
30/11/2023,-0.255262846,-0.254,-0.280,-0.257
01/12/2023,-0.252104872,-0.251,-0.280,-0.254
04/12/2023,-0.250129771,-0.249,-0.277,-0.252
06/12/2023,-0.244547818,-0.243,-0.274,-0.247
07/12/2023,-0.248580731,-0.247,-0.279,-0.251
08/12/2023,-0.250744613,-0.249,-0.278,-0.253
12/12/2023,-0.256634325,-0.255,-0.280,-0.258
13/12/2023,-0.267407227,-0.266,-0.288,-0.269
14/12/2023,-0.25614117,-0.255,-0.277,-0.258
15/12/2023,-0.246955024,-0.246,-0.270,-0.248
18/12/2023,-0.247222408,-0.246,-0.267,-0.249
19/12/2023,-0.24836824,-0.247,-0.266,-0.250
20/12/2023,-0.244016232,-0.243,-0.264,-0.246
21/12/2023,-0.242157088,-0.241,-0.264,-0.244
22/12/2023,-0.244984409,-0.244,-0.262,-0.247
25/12/2023,-0.245658656,-0.244,-0.260,-0.247
26/12/2023,-0.244237326,-0.243,-0.257,-0.246
27/12/2023,-0.244599468,-0.243,-0.258,-0.246
28/12/2023,-0.238038159,-0.237,-0.256,-0.240